{"count":1,"self":1663.1841792,"total":21534.4553159,"children":{"InitializeActuators":{"count":1,"self":0.0026535,"total":0.0026535,"children":null},"InitializeSensors":{"count":1,"self":0.0029969999999999997,"total":0.0029969999999999997,"children":null},"AgentSendState":{"count":2000017,"self":8.4792296,"total":876.4502394,"children":{"CollectObservations":{"count":2000017,"self":1.196969,"total":1.196969,"children":null},"WriteActionMask":{"count":2000017,"self":1.2746944999999998,"total":1.2746944999999998,"children":null},"RequestDecision":{"count":2000017,"self":6.102066,"total":865.4993462,"children":{"AgentInfo.ToProto":{"count":2000017,"self":8.5072663999999989,"total":859.39728029999992,"children":{"GenerateSensorData":{"count":2000017,"self":850.89003519999994,"total":850.890014,"children":null}}}}}}},"DecideAction":{"count":2000017,"self":18982.3483904,"total":18982.347714199997,"children":null},"AgentAct":{"count":2000017,"self":12.3022928,"total":12.466484399999999,"children":{"AgentInfo.ToProto":{"count":312,"self":0.0010366,"total":0.164192,"children":{"GenerateSensorData":{"count":312,"self":0.1631554,"total":0.1631554,"children":null}}}}}},"gauges":{"MRL_maze.CumulativeReward":{"count":312,"max":-1934.52856,"min":-272638.375,"runningAverage":-66377.18,"value":-63089.9336,"weightedAverage":-41401.0859}},"metadata":{"timer_format_version":"0.1.0","start_time_seconds":"1704207336","unity_version":"2021.3.31f1","command_line_arguments":"C:\\Program Files\\Unity\\Hub\\Editor\\2021.3.31f1\\Editor\\Unity.exe -projectpath D:\\UnityWorkSpace\\MRL_maze -useHub -hubIPC -cloudEnvironment production","communication_protocol_version":"1.5.0","com.unity.ml-agents_version":"2.3.0-exp.3","scene_name":"SampleScene","end_time_seconds":"1704228870"}}