{"count":1,"self":1236.5703168,"total":18513.6240464,"children":{"InitializeActuators":{"count":1,"self":0.0023826999999999997,"total":0.0023826999999999997,"children":null},"InitializeSensors":{"count":1,"self":0.0029914,"total":0.0029914,"children":null},"AgentSendState":{"count":1999917,"self":8.0493272,"total":1380.7664161,"children":{"CollectObservations":{"count":1999917,"self":0.9706271,"total":0.9706271,"children":null},"WriteActionMask":{"count":1999917,"self":1.1666412,"total":1.1666412,"children":null},"RequestDecision":{"count":1999917,"self":5.8988543999999994,"total":1370.5798207,"children":{"AgentInfo.ToProto":{"count":1999917,"self":8.386924,"total":1364.6809661999998,"children":{"GenerateSensorData":{"count":1999917,"self":1356.2940416,"total":1356.2940425,"children":null}}}}}}},"DecideAction":{"count":1999917,"self":15882.7790336,"total":15882.778215499999,"children":null},"AgentAct":{"count":1999917,"self":13.391645599999999,"total":13.5027023,"children":{"AgentInfo.ToProto":{"count":210,"self":0.00023459999999999998,"total":0.1110564,"children":{"GenerateSensorData":{"count":210,"self":0.1108218,"total":0.1108218,"children":null}}}}}},"gauges":{"MRL_maze.CumulativeReward":{"count":210,"max":53.6220055,"min":-5110.264,"runningAverage":-247.734711,"value":-110.006767,"weightedAverage":-110.972748}},"metadata":{"timer_format_version":"0.1.0","start_time_seconds":"1704102635","unity_version":"2021.3.31f1","command_line_arguments":"C:\\Program Files\\Unity\\Hub\\Editor\\2021.3.31f1\\Editor\\Unity.exe -projectpath D:\\UnityWorkSpace\\MRL_maze -useHub -hubIPC -cloudEnvironment production","communication_protocol_version":"1.5.0","com.unity.ml-agents_version":"2.3.0-exp.3","scene_name":"SampleScene","end_time_seconds":"1704121149"}}